INSERT INTO administrador (id, nombres_completos, usuario, clave) VALUES
(1, 'Alicia Lizet Niño Effio', 'alicia123', 'scrypt:32768:8:1$Cn13ETmyASux9eWo$b2f07f0a76e824d8420ff4e205461abd68a3ea1bc09a16277ed2c69f2924f4d108e5219689e25648c562c2845d666073a051fff3f254e31a44c2a5cb57344a1e'),
(2, 'César Eduardo Bravo Díaz', 'cesar456', 'scrypt:32768:8:1$YMbht1iYZSg22yqV$33dec0d612d0ab5a58a654c0c99b2b02ab82b6c488309a9deac29cb011354b3e7986e71fe44b26b01f1c1df9fb11ba4faa230a76a0afd5e778c361d47781d863');


INSERT INTO elemento (id, nomElemento)
VALUES (1, 'Fuego'),
    (2, 'Agua'),
    (3, 'Aire'),
    (4, 'Tierra');
    

-- INSERT INTO cualidad (id, nombre, descripcion, ELEMENTOid)
-- VALUES (1, 'acepta riesgos', 'arriesgado/a, intrépido/a', 1),
--     (2, 'agresivo/a', 'combativo/a, provocador/a', 1),
--     (3, 'atrevido/a', 'osado/a, audaz', 1),
--     (4, 'audaz', 'valiente, intrépido/a', 1),
--     (5, 'auto suficiente', 'independiente, autónomo/a', 1),
--     (6, 'competitivo/a', 'ambicioso/a, rival', 1),
--     (7, 'tenaz', 'persistente, obstinado/a', 1),
--     (8, 'decidido/a', 'resuelto/a, determinado/a', 1),
--     (9, 'decisivo/a', 'determinante, concluyente', 1),
--     (10, 'valeroso/a', 'bravo/a, heroico/a', 1),
--     (11, 'vigoroso/a', 'enérgico/a, robusto/a', 1),
--     (12, 'directo/a', 'franco/a, claro/a', 1),
--     (13, 'enérgico/a', 'activo/a, dinámico/a', 1),
--     (14, 'osado/a', 'atrevido/a, audaz', 1),
--     (15, 'dominante', 'autoritario/a, controlador/a', 1),
--     (16, 'habla directo', 'franco/a, sincero/a', 1),
--     (17, 'ideas firmes', 'convicciones, decisiones sólidas', 1),
--     (18, 'impaciente', 'inquieto/a, ansioso/a', 1),
--     (19, 'exigente', 'demandante, riguroso/a', 1),
--     (20, 'independiente', 'autónomo/a, libre', 1),
--     (21, 'rápido/a', 'veloz, ágil', 1),
--     (22, 'inquieto/a', 'nervioso/a, intranquilo/a', 1),
--     (23, 'insistente', 'persistente, perseverante', 1),
--     (24, 'resuelto/a', 'determinado/a, decidido/a', 1),
--     (25, 'franco/a', 'sincero/a, directo/a', 1),
--     (26, 'le agrada discutir', 'controversial, argumentador/a', 1),
--     (27, 'persistente', 'tenaz, constante', 1),
--     (28, 'pionero, iniciador', 'innovador/a, precursor/a', 1),
--     (29, 'adaptable', 'flexible, maleable', 2),
--     (30, 'amable', 'cordial, gentil', 2),
--     (31, 'ameno/a', 'agradable, entretenido/a', 2),
--     (32, 'amistoso/a', 'afable, sociable', 2),
--     (33, 'bondadoso/a', 'caritativo/a, generoso/a', 2),
--     (34, 'calmado/a', 'tranquilo/a, sereno/a', 2),
--     (35, 'apacible', 'plácido/a, sosegado/a', 2),
--     (36, 'colaborador', 'cooperador/a, ayudante', 2),
--     (37, 'comedido/a', 'cortés, atento/a', 2),
--     (38, 'atento/a', 'solícito/a, considerado/a', 2),
--     (39, 'complaciente', 'concesivo/a, servicial', 2),
--     (40, 'comprensivo/a', 'empático/a, tolerante', 2),
--     (41, 'considerado/a', 'respetuoso/a, amable', 2),
--     (42, 'constante', 'perseverante, firme', 2),
--     (43, 'contento/a', 'feliz, alegre', 2),
--     (44, 'sensible', 'emocional, delicado/a', 2),
--     (45, 'tolerante', 'paciente, indulgente', 2),
--     (46, 'tranquilo/a', 'calmado/a, sereno/a', 2),
--     (47, 'ecuánime', 'imparcial, equilibrado/a', 2),
--     (48, 'obediente', 'disciplinado/a, sumiso/a', 2),
--     (49, 'leal', 'fiel, devoto/a', 2),
--     (50, 'paciente', 'tolerante, resignado/a', 2),
--     (51, 'pacifico', 'sereno/a, calmado/a', 2),
--     (52, 'generoso/a', 'altruista, desprendido/a', 2),
--     (53, 'gentil', 'educado/a, cortés', 2),
--     (54, 'moderado/a', 'mesurado/a, prudente', 2),
--     (55, 'alegre', 'jovial, animado/a', 3),
--     (56, 'alentador/a', 'motivador/a, inspirador/a', 3),
--     (57, 'amigable', 'sociable, cordial', 3),
--     (58, 'anima a los demás', 'inspirador/a, motivador/a', 3),
--     (59, 'animado/a', 'vivaz, entusiasta', 3),
--     (60, 'cautivador/a', 'encantador/a, fascinante', 3),
--     (61, 'comunicativo/a', 'expresivo/a, locuaz', 3),
--     (62, 'sociable', 'amigable, extrovertido/a', 3),
--     (63, 'vivaz', 'dinámico/a, animado/a', 3),
--     (64, 'de trato fácil', 'afable, agradable', 3),
--     (65, 'elocuente', 'persuasivo/a, expresivo/a', 3),
--     (66, 'encantador/a', 'atractivo/a, fascinante', 3),
--     (67, 'desenvuelto/a', 'seguro/a, espontáneo/a', 3),
--     (68, 'impetuoso/a', 'arrojado/a, impulsivo/a', 3),
--     (69, 'impulsivo/a', 'irreflexivo/a, espontáneo/a', 3),
--     (70, 'promotor/a', 'iniciador/a, incentivador/a', 3),
--     (71, 'entusiasta', 'apasionado/a, fervoroso/a', 3),
--     (72, 'espontáneo/a', 'natural, irreflexivo/a', 3),
--     (73, 'estimulante', 'motivador/a, inspirador/a', 3),
--     (74, 'expresivo/a', 'elocuente, comunicativo/a', 3),
--     (75, 'extrovertido/a', 'abierto/a, sociable', 3),
--     (76, 'receptivo/a', 'abierto/a, comprensivo/a', 3),
--     (77, 'ingenioso/a', 'creativo/a, perspicaz', 3),
--     (78, 'popular', 'famoso/a, conocido/a', 3),
--     (79, 'jovial', 'alegre, vivaz', 3),
--     (80, 'analítico/a', 'crítico/a, evaluador/a', 4),
--     (81, 'apego a normas', 'disciplinado/a, reglamentado/a', 4),
--     (82, 'cauteloso/a', 'precavido/a, prudente', 4),
--     (83, 'cauto/a', 'cuidadoso/a, reservado/a', 4),
--     (84, 'certero/a', 'preciso/a, acertado/a', 4),
--     (85, 'concienzudo/a', 'meticuloso/a, detallista', 4),
--     (86, 'controlado/a', 'moderado/a, reservado/a', 4),
--     (87, 'cuida los detalles', 'minucioso/a, perfeccionista', 4),
--     (88, 'cuidadoso/a', 'cauto/a, atento/a', 4),
--     (89, 'sistemático/a', 'metódico/a, organizado/a', 4),
--     (90, 'discerniente', 'perspicaz, sagaz', 4),
--     (91, 'discreto/a', 'reservado/a, prudente', 4),
--     (92, 'reflexivo/a', 'pensativo/a, meditabundo/a', 4),
--     (93, 'reservado/a', 'discreto/a, cauteloso/a', 4),
--     (94, 'preciso/a', 'exacto/a, certero/a', 4),
--     (95, 'prevenido/a', 'precavido/a, prudente', 4),
--     (96, 'evaluador/a', 'analítico/a, crítico/a', 4),
--     (97, 'prudente', 'cauto/a, razonable', 4),
--     (98, 'lógico/a', 'racional, analítico/a', 4),
--     (99, 'meticuloso/a', 'detallista, perfeccionista', 4),
--     (100, 'metódico/a', 'sistemático/a, organizado/a', 4),
--     (101, 'perceptivo/a', 'perspicaz, observador/a', 4),
--     (102, 'perfeccionista', 'detallista, exigente', 4),
--     (103, 'investigador/a', 'indagador/a, explorador/a', 4),
--     (104, 'sagaz', 'astuto/a, perspicaz', 4),
--     (105, 'precavido/a', 'cauteloso/a, prevenido/a', 4);
INSERT INTO cualidad (id, nombre, descripcion, ELEMENTOid)
VALUES 
    (1, 'Acepta riesgos', 'temerario, intrépido', 1),
    (2, 'Agresivo', 'violento, belicoso', 1),
    (3, 'Atrevido', 'osado, intrépido', 1),
    (4, 'Audaz', 'arriesgado, atrevido', 1),
    (5, 'Autosuficiente', 'autónomo, independiente', 1),
    (6, 'Competitivo', 'desafiante, opositor', 1),
    (7, 'Tenaz', 'perseverante, terco', 1),
    (8, 'Decidido', 'seguro, valiente', 1),
    (9, 'Decisivo', 'contundente, decidido', 1),
    (10, 'Valeroso', 'heroico, atrevido', 1),
    (11, 'Vigoroso', 'enérgico, activo', 1),
    (12, 'directo', 'franco, espontáneo', 1),
    (13, 'Enérgico', 'animado, motivado', 1),
    (14, 'Osado', 'atrevido, intrépido', 1),
    (15, 'Dominante', 'autoritario, mandón', 1),
    (16, 'Habla directo', 'franco, espontáneo', 1),
    (17, 'Ideas firmes', 'seguro, decidido', 1),
    (18, 'Impaciente', 'inquieto, ansioso', 1),
    (19, 'Exigente', 'riguroso, severo', 1),
    (20, 'Independiente', 'autónomo, autosuficiente', 1),
    (21, 'Rápido', 'veloz, apresurado', 1),
    (22, 'Inquieto', 'intranquilo, travieso', 1),
    (23, 'Insistente', 'perseverante, constante', 1),
    (24, 'Resuelto', 'decidido, valiente', 1),
    (25, 'Franco', 'directo, espontáneo', 1),
    (26, 'Le agrada discutir', 'provocador, belicoso', 1),
    (27, 'Persistente', 'insistente, perseverante', 1),
    (28, 'Pionero, iniciador', 'fundador, precursor', 1),
    (29, 'Adaptable', 'flexible, complaciente', 2),
    (30, 'Amable', 'cordial, de buen trato', 2),
    (31, 'Ameno', 'entretenido, gracioso', 2),
    (32, 'Amistoso', 'agradable, amigable', 2),
    (33, 'Bondadoso', 'tolerante, generoso', 2),
    (34, 'Calmado', 'tranquilo, sereno', 2),
    (35, 'Apacible', 'pacífico, tranquilo', 2),
    (36, 'Colaborador', 'cooperador, servicial', 2),
    (37, 'Comedido', 'prudente, moderado', 2),
    (38, 'Atento', 'interesado, observador', 2),
    (39, 'Complaciente', 'tolerante, condescendiente', 2),
    (40, 'Comprensivo', 'tolerante, complaciente', 2),
    (41, 'Considerado', 'respetuoso, amable', 2),
    (42, 'Constante', 'perseverante, insistente', 2),
    (43, 'Contento', 'alegre, sonriente', 2),
    (44, 'Sensible', 'emotivo, sentimental', 2),
    (45, 'Tolerante', 'flexible, condescendiente', 2),
    (46, 'Tranquilo', 'calmado, pacífico', 2),
    (47, 'Ecuánime', 'imparcial, equitativo', 2),
    (48, 'Obediente', 'disciplinado, respetuoso', 2),
    (49, 'Leal', 'fiel, confiable', 2),
    (50, 'Paciente', 'tolerante, tranquilo', 2),
    (51, 'Pacífico', 'sereno, quieto', 2),
    (52, 'Generoso', 'desprendido, dadivoso', 2),
    (53, 'Gentil', 'cortés, amable', 2),
    (54, 'Moderado', 'prudente, tolerante', 2),
    (55, 'Alegre', 'contento, sonriente', 3),
    (56, 'Alentador', 'animador, estimulante', 3),
    (57, 'Amigable', 'amistoso, agradable', 3),
    (58, 'Anima a los demás', 'estimulante, alentador', 3),
    (59, 'Animado', 'motivado, enérgico', 3),
    (60, 'Cautivador', 'simpático, encantador', 3),
    (61, 'Comunicativo', 'expresivo, sociable', 3),
    (62, 'Sociable', 'extrovertido, desenvuelto', 3),
    (63, 'Vivaz', 'vigoroso, enérgico', 3),
    (64, 'De trato fácil', 'amable, sociable', 3),
    (65, 'Elocuente', 'expresivo, comunicativo', 3),
    (66, 'Encantador', 'simpático, cautivador', 3),
    (67, 'Desenvuelto', 'sociable, expresivo', 3),
    (68, 'Impetuoso', 'enérgico, vigoroso', 3),
    (69, 'Impulsivo', 'atrevido, arriesgado', 3),
    (70, 'Promotor', 'impulsor, iniciador', 3),
    (71, 'Entusiasta', 'enérgico, animado', 3),
    (72, 'Espontáneo', 'natural, directo', 3),
    (73, 'Estimulante', 'motivador, alentador', 3),
    (74, 'Expresivo', 'comunicativo, elocuente', 3),
    (75, 'Extrovertido', 'conversador, sociable', 3),
    (76, 'Receptivo', 'predispuesto, flexible', 3),
    (77, 'Ingenioso', 'listo, ocurrente', 3),
    (78, 'Popular', 'admirado, conocido', 3),
    (79, 'Jovial', 'ameno, gracioso', 3),
    (80, 'Analítico', 'racional, metódico', 4),
    (81, 'Apegado a normas', 'obediente, respetuoso', 4),
    (82, 'Cauteloso', 'precavido, cuidadoso', 4),
    (83, 'Cauto', 'prevenido, prudente', 4),
    (84, 'Certero', 'atinado, hábil', 4),
    (85, 'Concienzudo', 'meticuloso, reflexivo', 4),
    (86, 'Controlado', 'tranquilo, cauteloso', 4),
    (87, 'Cuida los detalles', 'minucioso, cuidadoso', 4),
    (88, 'Cuidadoso', 'minucioso, detallista', 4),
    (89, 'Sistemático', 'metódico, ordenado', 4),
    (90, 'Discerniente', 'racional, reflexivo', 4),
    (91, 'Discreto', 'reservado, prudente', 4),
    (92, 'Reflexivo', 'pensativo, analítico', 4),
    (93, 'Reservado', 'prudente, discreto', 4),
    (94, 'Preciso', 'exacto, específico', 4),
    (95, 'Prevenido', 'precavido, predispuesto', 4),
    (96, 'Evaluador', 'calculador, analizador', 4),
    (97, 'Prudente', 'moderado, sensato', 4),
    (98, 'Lógico', 'racional, metódico', 4),
    (99, 'Meticuloso', 'lógico, ordenado', 4),
    (100, 'Metódico', 'ordenado, sistemático', 4),
    (101, 'Perceptivo', 'observador, intuitivo', 4),
    (102, 'Perfeccionista', 'exigente, minucioso', 4),
    (103, 'Investigador', 'examinador, analítico', 4),
    (104, 'Sagaz', 'astuto, intuitivo', 4),
    (105, 'Precavido', 'cauteloso, cuidadoso', 4);


INSERT INTO grupo (id, nomgrupo)
VALUES
    (1, 'pregunta #1'),
    (2, 'pregunta #2'),
    (3, 'pregunta #3'),
    (4, 'pregunta #4'),
    (5, 'pregunta #5'),
    (6, 'pregunta #6'),
    (7, 'pregunta #7'),
    (8, 'pregunta #8'),
    (9, 'pregunta #9'),
    (10, 'pregunta #10'),
    (11, 'pregunta #11'),
    (12, 'pregunta #12'),
    (13, 'pregunta #13'),
    (14, 'pregunta #14'),
    (15, 'pregunta #15'),
    (16, 'pregunta #16'),
    (17, 'pregunta #17'),
    (18, 'pregunta #18'),
    (19, 'pregunta #19'),
    (20, 'pregunta #20'),
    (21, 'pregunta #21'),
    (22, 'pregunta #22'),
    (23, 'pregunta #23'),
    (24, 'pregunta #24'),
    (25, 'pregunta #25'),
    (26, 'pregunta #26'),
    (27, 'pregunta #27'),
    (28, 'pregunta #28');


INSERT INTO agrupacion (grupoid, cualidadid) 
VALUES
    (1, 71),
    (1, 21),
    (1, 98),
    (1, 35),
    (2, 57),
    (2, 94),
    (2, 25),
    (2, 46),
    (3, 3),
    (3, 85),
    (3, 61),
    (3, 54),
    (4, 74),
    (4, 88),
    (4, 15),
    (4, 44),
    (5, 91),
    (5, 39),
    (5, 66),
    (5, 23),
    (6, 62),
    (6, 89),
    (6, 11),
    (6, 45),
    (7, 60),
    (7, 43),
    (7, 19),
    (7, 81),
    (8, 82),
    (8, 8),
    (8, 76),
    (8, 33),
    (9, 65),
    (9, 86),
    (9, 45),
    (9, 9),
    (10, 31),
    (10, 77),
    (10, 103),
    (10, 1),
    (11, 75),
    (11, 105),
    (11, 42),
    (11, 18),
    (12, 10),
    (12, 58),
    (12, 51),
    (12, 102),
    (13, 22),
    (13, 30),
    (13, 65),
    (13, 88),
    (14, 97),
    (14, 28),
    (14, 72),
    (14, 36),
    (15, 93),
    (15, 38),
    (15, 14),
    (15, 55),
    (16, 62),
    (16, 50),
    (16, 5),
    (16, 84),
    (17, 29),
    (17, 24),
    (17, 95),
    (17, 63),
    (18, 2),
    (18, 68),
    (18, 32),
    (18, 90),
    (19, 64),
    (19, 40),
    (19, 83),
    (19, 16),
    (20, 96),
    (20, 52),
    (20, 59),
    (20, 27),
    (21, 69),
    (21, 87),
    (21, 13),
    (21, 46),
    (22, 73),
    (22, 53),
    (22, 101),
    (22, 20),
    (23, 6),
    (23, 41),
    (23, 55),
    (23, 104),
    (24, 99),
    (24, 48),
    (24, 17),
    (24, 56),
    (25, 78),
    (25, 92),
    (25, 7),
    (25, 34),
    (26, 80),
    (26, 4),
    (26, 49),
    (26, 70),
    (27, 26),
    (27, 100),
    (27, 37),
    (27, 67),
    (28, 79),
    (28, 94),
    (28, 12),
    (28, 47);

-- Inserts de prueba (participantes)
INSERT INTO participante (id,nombres, apellidos, fecha_nacimiento, telefono, correo, fecha_registro)
VALUES 
(1,'Carlos', 'Gómez Sánchez', '1990-05-15', '555-1234', 'carlos.gomez@example.com', CURRENT_TIMESTAMP),
(2,'María', 'López Pérez', '1985-09-20', '555-5678', 'maria.lopez@example.com', CURRENT_TIMESTAMP),
(3,'Juan', 'Ramírez Díaz', '2000-03-12', '555-9101', 'juan.ramirez@example.com', CURRENT_TIMESTAMP),
(4,'Ana', 'Martínez Torres', '1995-11-08', '555-1122', 'ana.martinez@example.com', CURRENT_TIMESTAMP);
INSERT INTO `participante` (`id`, `nombres`, apellidos,`fecha_nacimiento`, `telefono`, `correo`)
 VALUES (5, 'Fabi', 'PM', '2005-01-06', '906300962', 'fabianapm060126@gmail.com');


-- Inserts de selección
INSERT INTO seleccion (PARTICIPANTEid, AGRUPACIONGRUPOid, AGRUPACIONCUALIDADid, estado)
VALUES
(1, 1, 21, 1),
(1, 1, 35, 0),
(1, 2, 57, 1),
(1, 2, 94, 0),
(1, 3, 3, 1),
(1, 3, 61, 0),
(1, 4, 74, 1),
(1, 4, 88, 0),
(1, 5, 91, 1),
(1, 5, 23, 0),
(1, 6, 62, 1),
(1, 6, 89, 0),
(1, 7, 60, 1),
(1, 7, 43, 0),
(1, 8, 8, 1),
(1, 8, 76, 0),
(1, 9, 9, 1),
(1, 9, 45, 0),
(1, 10, 31, 1),
(1, 10, 1, 0),
(1, 11, 75, 1),
(1, 11, 105, 0),
(1, 12, 10, 1),
(1, 12, 58, 0),
(1, 13, 30, 1),
(1, 13, 65, 0),
(1, 14, 28, 1),
(1, 14, 72, 0),
(1, 15, 14, 1),
(1, 15, 55, 0),
(1, 16, 5, 1),
(1, 16, 84, 0),
(1, 17, 63, 1),
(1, 17, 24, 0),
(1, 18, 68, 1),
(1, 18, 32, 0),
(1, 19, 64, 1),
(1, 19, 40, 0),
(1, 20, 52, 1),
(1, 20, 59, 0),
(1, 21, 69, 1),
(1, 21, 13, 0),
(1, 22, 73, 1),
(1, 22, 101, 0),
(1, 23, 6, 1),
(1, 23, 41, 0),
(1, 24, 17, 1),
(1, 24, 56, 0),
(1, 25, 7, 1),
(1, 25, 34, 0),
(1, 26, 4, 1),
(1, 26, 49, 0),
(1, 27, 100, 1),
(1, 27, 37, 0),
(1, 28, 12, 1),
(1, 28, 47, 0);



INSERT INTO seleccion (PARTICIPANTEid, AGRUPACIONGRUPOid, AGRUPACIONCUALIDADid, estado) VALUES
(2, 1, 21, 1),
(2, 1, 98, 0),
(2, 2, 46, 1),
(2, 2, 57, 0),
(2, 3, 3, 1),
(2, 3, 61, 0),
(2, 4, 15, 0),
(2, 4, 44, 1),
(2, 5, 23, 1),
(2, 5, 39, 0),
(2, 6, 62, 1),
(2, 6, 89, 0),
(2, 7, 43, 1),
(2, 7, 60, 0),
(2, 8, 8, 1),
(2, 8, 33, 0),
(2, 9, 9, 1),
(2, 9, 86, 0),
(2, 10, 1, 1),
(2, 10, 103, 0),
(2, 11, 18, 0),
(2, 11, 105, 1),
(2, 12, 51, 0),
(2, 12, 102, 1),
(2, 13, 30, 0),
(2, 13, 88, 1),
(2, 14, 36, 1),
(2, 14, 97, 0),
(2, 15, 38, 0),
(2, 15, 55, 1),
(2, 16, 50, 0),
(2, 16, 62, 1),
(2, 17, 24, 0),
(2, 17, 95, 1),
(2, 18, 2, 1),
(2, 18, 32, 0),
(2, 19, 16, 1),
(2, 19, 64, 0),
(2, 20, 52, 0),
(2, 20, 59, 1),
(2, 21, 13, 0),
(2, 21, 87, 1),
(2, 22, 20, 1),
(2, 22, 73, 0),
(2, 23, 41, 0),
(2, 23, 55, 1),
(2, 24, 17, 0),
(2, 24, 99, 1),
(2, 25, 34, 0),
(2, 25, 92, 1),
(2, 26, 49, 1),
(2, 26, 70, 0),
(2, 27, 26, 1),
(2, 27, 67, 0),
(2, 28, 47, 0),
(2, 28, 79, 1),
(3, 1, 21, 1),
(3, 1, 71, 0),
(3, 2, 57, 0),
(3, 2, 94, 1),
(3, 3, 54, 1),
(3, 3, 61, 0),
(3, 4, 15, 1),
(3, 4, 44, 0),
(3, 5, 39, 0),
(3, 5, 91, 1),
(3, 6, 45, 0),
(3, 6, 62, 1),
(3, 7, 43, 0),
(3, 7, 60, 1),
(3, 8, 8, 1),
(3, 8, 33, 0),
(3, 9, 9, 0),
(3, 9, 65, 1),
(3, 10, 31, 1),
(3, 10, 103, 0),
(3, 11, 18, 0),
(3, 11, 105, 1),
(3, 12, 10, 1),
(3, 12, 51, 0),
(3, 13, 22, 1),
(3, 13, 88, 0),
(3, 14, 72, 1),
(3, 14, 97, 0),
(3, 15, 38, 0),
(3, 15, 93, 1),
(3, 16, 50, 0),
(3, 16, 84, 1),
(3, 17, 29, 1),
(3, 17, 63, 0),
(3, 18, 32, 1),
(3, 18, 90, 0),
(3, 19, 16, 0),
(3, 19, 83, 1),
(3, 20, 27, 0),
(3, 20, 52, 1),
(3, 21, 13, 1),
(3, 21, 46, 0),
(3, 22, 20, 0),
(3, 22, 73, 1),
(3, 23, 55, 0),
(3, 23, 104, 1),
(3, 24, 48, 0),
(3, 24, 56, 1),
(3, 25, 34, 0),
(3, 25, 92, 1),
(3, 26, 49, 1),
(3, 26, 70, 0),
(3, 27, 67, 0),
(3, 27, 100, 1),
(3, 28, 47, 1),
(3, 28, 94, 0),
(4, 1, 35, 0),
(4, 1, 71, 1),
(4, 2, 25, 1),
(4, 2, 57, 0),
(4, 3, 3, 1),
(4, 3, 61, 0),
(4, 4, 44, 1),
(4, 4, 74, 0),
(4, 5, 23, 0),
(4, 5, 91, 1),
(4, 6, 11, 1),
(4, 6, 89, 0),
(4, 7, 19, 1),
(4, 7, 43, 0),
(4, 8, 8, 1),
(4, 8, 82, 0),
(4, 9, 9, 1),
(4, 9, 86, 0),
(4, 10, 1, 1),
(4, 10, 103, 0),
(4, 11, 42, 1),
(4, 11, 75, 0),
(4, 12, 10, 1),
(4, 12, 102, 0),
(4, 13, 30, 0),
(4, 13, 65, 1),
(4, 14, 28, 1),
(4, 14, 36, 0),
(4, 15, 14, 0),
(4, 15, 93, 1),
(4, 16, 5, 1),
(4, 16, 84, 0),
(4, 17, 24, 1),
(4, 17, 29, 0),
(4, 18, 2, 1),
(4, 18, 32, 0),
(4, 19, 16, 1),
(4, 19, 83, 0),
(4, 20, 27, 1),
(4, 20, 96, 0),
(4, 21, 13, 1),
(4, 21, 87, 0),
(4, 22, 20, 1),
(4, 22, 53, 0),
(4, 23, 6, 1),
(4, 23, 55, 0),
(4, 24, 17, 1),
(4, 24, 56, 0),
(4, 25, 7, 0),
(4, 25, 92, 1),
(4, 26, 4, 1),
(4, 26, 80, 0),
(4, 27, 26, 1),
(4, 27, 100, 0),
(4, 28, 12, 1),
(4, 28, 47, 0),
(5, 1, 21, 1),
(5, 1, 98, 0),
(5, 2, 46, 0),
(5, 2, 57, 1),
(5, 3, 3, 1),
(5, 3, 85, 0),
(5, 4, 44, 1),
(5, 4, 74, 0),
(5, 5, 23, 0),
(5, 5, 91, 1),
(5, 6, 45, 0),
(5, 6, 62, 1),
(5, 7, 43, 0),
(5, 7, 81, 1),
(5, 8, 33, 1),
(5, 8, 82, 0),
(5, 9, 45, 1),
(5, 9, 86, 0),
(5, 10, 1, 1),
(5, 10, 77, 0),
(5, 11, 18, 0),
(5, 11, 42, 1),
(5, 12, 10, 1),
(5, 12, 102, 0),
(5, 13, 22, 0),
(5, 13, 88, 1),
(5, 14, 28, 0),
(5, 14, 97, 1),
(5, 15, 55, 0),
(5, 15, 93, 1),
(5, 16, 5, 1),
(5, 16, 84, 0),
(5, 17, 29, 1),
(5, 17, 63, 0),
(5, 18, 2, 1),
(5, 18, 90, 0),
(5, 19, 40, 1),
(5, 19, 64, 0),
(5, 20, 52, 0),
(5, 20, 96, 1),
(5, 21, 46, 0),
(5, 21, 87, 1),
(5, 22, 20, 1),
(5, 22, 101, 0),
(5, 23, 41, 0),
(5, 23, 55, 1),
(5, 24, 17, 0),
(5, 24, 99, 1),
(5, 25, 34, 1),
(5, 25, 78, 0),
(5, 26, 49, 0),
(5, 26, 70, 1),
(5, 27, 37, 0),
(5, 27, 100, 1),
(5, 28, 47, 1),
(5, 28, 94, 0);


Insert into estado_test values ('A');